{"cameraMode":{"drawMode":0,"name":"Shaded","section":"Shading Mode"},"sceneLighting":false,"audioPlay":false,"sceneViewState":{"showFog":true,"showMaterialUpdate":false,"showSkybox":true,"showFlares":true,"showImageEffects":true,"showParticleSystems":true},"in2DMode":false,"pivot":{"x":2.007999897003174,"y":0.5770000219345093,"z":2.000999927520752},"rotation":{"x":0.010899524204432965,"y":-0.9837785363197327,"z":0.16717125475406648,"w":0.06414642184972763},"size":11.688475608825684,"orthographic":false}