{"cameraMode":{"drawMode":0,"name":"Shaded","section":"Shading Mode"},"sceneLighting":false,"audioPlay":false,"sceneViewState":{"showFog":true,"showMaterialUpdate":false,"showSkybox":true,"showFlares":true,"showImageEffects":true,"showParticleSystems":true},"in2DMode":false,"pivot":{"x":0.0,"y":0.5770000219345093,"z":0.999000072479248},"rotation":{"x":0.0019777347333729269,"y":-0.9785403609275818,"z":0.20583109557628632,"w":0.009406659752130509},"size":2.3344597816467287,"orthographic":false}