{"cameraMode":{"drawMode":0,"name":"Shaded","section":"Shading Mode"},"sceneLighting":false,"audioPlay":false,"sceneViewState":{"showFog":true,"showMaterialUpdate":false,"showSkybox":true,"showFlares":true,"showImageEffects":true,"showParticleSystems":true},"in2DMode":false,"pivot":{"x":10.026749610900879,"y":14.662936210632325,"z":7.117823600769043},"rotation":{"x":-0.4580387771129608,"y":0.009859264828264714,"z":-0.005081354174762964,"w":-0.8888630270957947},"size":16.672548294067384,"orthographic":false}